id,title,icon
ddb7c28c-47b4-4967-8b88-08348399eb1c,Cardiologist,https://res.cloudinary.com/dhht37fgc/image/upload/v1761403909/file-1761403905866-876705610.jpg
a66649b6-0dbd-44c2-9854-77a69c6de987,Neurologist,https://res.cloudinary.com/dhht37fgc/image/upload/v1761403935/file-1761403933575-579121563.jpg
a1946df6-1201-418a-8d11-96c1240fca2b,Pediatrician,https://res.cloudinary.com/dhht37fgc/image/upload/v1761403955/file-1761403955212-162443205.jpg
74643fba-1b7f-4c64-bfa8-e59a1a83cca4,Orthopedic Surgeon,https://res.cloudinary.com/dhht37fgc/image/upload/v1761403971/file-1761403970618-730885866.jpg
30d46079-ab89-4b8d-82c3-4d9b4ff645ca,Dermatologist,https://res.cloudinary.com/dhht37fgc/image/upload/v1761404014/file-1761404014209-549687411.jpg
08766312-302d-40a9-9be0-419c2be921c0,Oncologist,https://res.cloudinary.com/dhht37fgc/image/upload/v1761404036/file-1761404033744-26953095.jpg
a06c258a-37ab-4922-b7cf-e0c22dcad19f,Psychiatrist,https://res.cloudinary.com/dhht37fgc/image/upload/v1761404048/file-1761404048392-293955297.jpg
2536cce6-94c0-4590-b8ca-f3eb8daa2b46,Obstetrician/Gynecologist (OB/GYN),https://res.cloudinary.com/dhht37fgc/image/upload/v1761404065/file-1761404064865-148709109.jpg
2d83a54d-2c2a-4923-b283-b0a72e972229,Ophthalmologist,https://res.cloudinary.com/dhht37fgc/image/upload/v1761404081/file-1761404081881-495092759.jpg
f2bc7fe2-8fbd-44d1-9e19-9d6438820a5e,Endocrinologist,https://res.cloudinary.com/dhht37fgc/image/upload/v1761404093/file-1761404093641-675422186.jpg
